[
  {
    "id": "2d52a158-7e92-4213-9684-3b6325277d24",
    "data": [
      {
        "text": "would you please convert ",
        "userDefined": false
      },
      {
        "text": "100 ruble",
        "meta": "@sys.unit-currency",
        "alias": "unit-currency",
        "userDefined": false
      },
      {
        "text": " to ",
        "userDefined": false
      },
      {
        "text": "usd",
        "meta": "@sys.currency-name",
        "alias": "currency-name",
        "userDefined": true
      }
    ],
    "isTemplate": false,
    "count": 0,
    "lang": "en",
    "updated": 0
  },
  {
    "id": "fd046821-6a70-4c25-a997-a94fd12c1725",
    "data": [
      {
        "text": "I want to convert ",
        "userDefined": false
      },
      {
        "text": "100 yen",
        "meta": "@sys.unit-currency",
        "alias": "unit-currency",
        "userDefined": false
      },
      {
        "text": " to ",
        "userDefined": false
      },
      {
        "text": "inr",
        "meta": "@sys.currency-name",
        "alias": "currency-name",
        "userDefined": false
      }
    ],
    "isTemplate": false,
    "count": 0,
    "lang": "en",
    "updated": 0
  },
  {
    "id": "d04cbe8d-c3e0-429e-8155-1944764813d1",
    "data": [
      {
        "text": "convert ",
        "userDefined": false
      },
      {
        "text": "100 taka",
        "meta": "@sys.unit-currency",
        "alias": "unit-currency",
        "userDefined": false
      },
      {
        "text": " to ",
        "userDefined": false
      },
      {
        "text": "euros",
        "meta": "@sys.currency-name",
        "alias": "currency-name",
        "userDefined": false
      }
    ],
    "isTemplate": false,
    "count": 0,
    "lang": "en",
    "updated": 0
  },
  {
    "id": "00a40394-f8a8-46f6-9c82-33d3e32c6b37",
    "data": [
      {
        "text": "convert ",
        "userDefined": false
      },
      {
        "text": "15 euros",
        "meta": "@sys.unit-currency",
        "alias": "unit-currency",
        "userDefined": true
      },
      {
        "text": " to ",
        "userDefined": false
      },
      {
        "text": "us dollars",
        "meta": "@sys.currency-name",
        "alias": "currency-name",
        "userDefined": false
      }
    ],
    "isTemplate": false,
    "count": 0,
    "lang": "en",
    "updated": 0
  },
  {
    "id": "6efe510f-c119-4578-b019-94e903487f9f",
    "data": [
      {
        "text": "please convert ",
        "userDefined": false
      },
      {
        "text": "200 pounds",
        "meta": "@sys.unit-currency",
        "alias": "unit-currency",
        "userDefined": false
      },
      {
        "text": " to ",
        "userDefined": false
      },
      {
        "text": "rupees",
        "meta": "@sys.currency-name",
        "alias": "currency-name",
        "userDefined": false
      }
    ],
    "isTemplate": false,
    "count": 0,
    "lang": "en",
    "updated": 0
  },
  {
    "id": "5f20e459-30b4-4a77-817b-53c4ab115969",
    "data": [
      {
        "text": "100 rupees",
        "meta": "@sys.unit-currency",
        "alias": "unit-currency",
        "userDefined": false
      },
      {
        "text": " to ",
        "userDefined": false
      },
      {
        "text": "us-dollars",
        "meta": "@sys.currency-name",
        "alias": "currency-name",
        "userDefined": false
      }
    ],
    "isTemplate": false,
    "count": 0,
    "lang": "en",
    "updated": 0
  },
  {
    "id": "d9e4d3c2-2199-48e0-a9a8-bfd978d3b25c",
    "data": [
      {
        "text": "can you convert ",
        "userDefined": false
      },
      {
        "text": "500 rupees",
        "meta": "@sys.unit-currency",
        "alias": "unit-currency",
        "userDefined": false
      },
      {
        "text": " to ",
        "userDefined": false
      },
      {
        "text": "us-dollars",
        "meta": "@sys.currency-name",
        "alias": "currency-name",
        "userDefined": false
      }
    ],
    "isTemplate": false,
    "count": 0,
    "lang": "en",
    "updated": 0
  }
]