[
  {
    "id": "bc64910e-808c-45c4-a9b5-57616a93f56b",
    "data": [
      {
        "text": "will  you please help me",
        "userDefined": false
      }
    ],
    "isTemplate": false,
    "count": 0,
    "lang": "en",
    "updated": 0
  },
  {
    "id": "968473e7-032a-4f71-ac72-e45228ce821b",
    "data": [
      {
        "text": "please guide me",
        "userDefined": false
      }
    ],
    "isTemplate": false,
    "count": 0,
    "lang": "en",
    "updated": 0
  },
  {
    "id": "9f46a1bb-b44b-4d08-b5e4-ae798327ef3f",
    "data": [
      {
        "text": "pls help me",
        "userDefined": false
      }
    ],
    "isTemplate": false,
    "count": 0,
    "lang": "en",
    "updated": 0
  },
  {
    "id": "cb03d05b-0794-480b-880c-dd67558f4e23",
    "data": [
      {
        "text": "i don\u0027t know what to do",
        "userDefined": false
      }
    ],
    "isTemplate": false,
    "count": 0,
    "lang": "en",
    "updated": 0
  },
  {
    "id": "da082e0b-d1d8-45dc-ab5c-a4d59eea5703",
    "data": [
      {
        "text": "help me",
        "userDefined": false
      }
    ],
    "isTemplate": false,
    "count": 0,
    "lang": "en",
    "updated": 0
  },
  {
    "id": "069fc928-ddd4-41f7-8afb-d90852b82ca6",
    "data": [
      {
        "text": "i am stuck could you please help me",
        "userDefined": false
      }
    ],
    "isTemplate": false,
    "count": 0,
    "lang": "en",
    "updated": 0
  },
  {
    "id": "823bc546-38e2-42b8-98c7-0f7808d28660",
    "data": [
      {
        "text": "please help me",
        "userDefined": false
      }
    ],
    "isTemplate": false,
    "count": 0,
    "lang": "en",
    "updated": 0
  }
]